id,family_id,split,supported,original_id,mutation_category,accepted,execution_status,attempted,error_code
s-negation,demo-orders,demo,True,,,True,ok,True,
u-negation,demo-orders,demo,False,s-negation,negation,False,ok,True,
s-number_unit,demo-orders,demo,True,,,True,ok,True,
u-number_unit,demo-orders,demo,False,s-number_unit,number_unit,False,ok,True,
s-entity,demo-orders,demo,True,,,True,ok,True,
u-entity,demo-orders,demo,False,s-entity,entity,False,ok,True,
s-date,demo-orders,demo,True,,,True,ok,True,
u-date,demo-orders,demo,False,s-date,date,False,ok,True,
s-condition,demo-orders,demo,True,,,True,ok,True,
u-condition,demo-orders,demo,False,s-condition,condition,False,ok,True,
s-scope_quantifier,demo-orders,demo,True,,,True,ok,True,
u-scope_quantifier,demo-orders,demo,False,s-scope_quantifier,scope_quantifier,False,ok,True,
s-unsupported_addition,demo-orders,demo,True,,,True,ok,True,
u-unsupported_addition,demo-orders,demo,False,s-unsupported_addition,unsupported_addition,False,ok,True,
s-misleading_combination,demo-orders,demo,True,,,True,ok,True,
u-misleading_combination,demo-orders,demo,False,s-misleading_combination,misleading_combination,False,ok,True,
