question_id,family_id,split,expected_response,variant,status,released,answer_hash,required_evidence_covered,repair_attempted,error_code
q-return-window,demo-orders,demo,answerable,A,released,True,bdd8f9f69d21cac634b3ff28b5206eb4fc8b0167b023613472a85b0a3e3512fe,,False,
q-return-window,demo-orders,demo,answerable,B,released,True,bdd8f9f69d21cac634b3ff28b5206eb4fc8b0167b023613472a85b0a3e3512fe,,False,
q-return-window,demo-orders,demo,answerable,C,released,True,bdd8f9f69d21cac634b3ff28b5206eb4fc8b0167b023613472a85b0a3e3512fe,,False,
q-return-window,demo-orders,demo,answerable,D,released,True,bdd8f9f69d21cac634b3ff28b5206eb4fc8b0167b023613472a85b0a3e3512fe,,False,
q-postage,demo-orders,demo,answerable,A,released,True,d4f48417e0cfd457e51e4b7fb5fc54d51d03efa701d48e6d82d34f9eddf3c2fc,,False,
q-postage,demo-orders,demo,answerable,B,released,True,d4f48417e0cfd457e51e4b7fb5fc54d51d03efa701d48e6d82d34f9eddf3c2fc,,False,
q-postage,demo-orders,demo,answerable,C,released,True,d4f48417e0cfd457e51e4b7fb5fc54d51d03efa701d48e6d82d34f9eddf3c2fc,,False,
q-postage,demo-orders,demo,answerable,D,released,True,d4f48417e0cfd457e51e4b7fb5fc54d51d03efa701d48e6d82d34f9eddf3c2fc,,False,
q-repair,demo-orders,demo,answerable,A,released,True,9cec92ddf53fa4458ca510161a4c0a14180c25bce023514eecba0cd91de0218e,,True,
q-repair,demo-orders,demo,answerable,B,released,True,9cec92ddf53fa4458ca510161a4c0a14180c25bce023514eecba0cd91de0218e,,True,
q-repair,demo-orders,demo,answerable,C,abstained,False,ff10275ef792fbdf7bd59d2c97973b042590f62b4be938e169f42263bb4043d0,,True,
q-repair,demo-orders,demo,answerable,D,released,True,d4f48417e0cfd457e51e4b7fb5fc54d51d03efa701d48e6d82d34f9eddf3c2fc,,True,
q-missing,demo-orders,demo,missing_evidence,A,released,True,bdd8f9f69d21cac634b3ff28b5206eb4fc8b0167b023613472a85b0a3e3512fe,,False,
q-missing,demo-orders,demo,missing_evidence,B,released,True,bdd8f9f69d21cac634b3ff28b5206eb4fc8b0167b023613472a85b0a3e3512fe,,False,
q-missing,demo-orders,demo,missing_evidence,C,released,True,bdd8f9f69d21cac634b3ff28b5206eb4fc8b0167b023613472a85b0a3e3512fe,,False,
q-missing,demo-orders,demo,missing_evidence,D,released,True,bdd8f9f69d21cac634b3ff28b5206eb4fc8b0167b023613472a85b0a3e3512fe,,False,
q-multi,demo-orders,demo,answerable,A,released,True,bdd8f9f69d21cac634b3ff28b5206eb4fc8b0167b023613472a85b0a3e3512fe,,False,
q-multi,demo-orders,demo,answerable,B,released,True,bdd8f9f69d21cac634b3ff28b5206eb4fc8b0167b023613472a85b0a3e3512fe,,False,
q-multi,demo-orders,demo,answerable,C,released,True,bdd8f9f69d21cac634b3ff28b5206eb4fc8b0167b023613472a85b0a3e3512fe,,False,
q-multi,demo-orders,demo,answerable,D,released,True,bdd8f9f69d21cac634b3ff28b5206eb4fc8b0167b023613472a85b0a3e3512fe,,False,
q-conflict,demo-retention-conflict,demo,conflict,A,released,True,e5b890c8df4b4ffeba47b38f55b52ca274f080902eb7ad7eb0f30d0dcd582f6e,,True,
q-conflict,demo-retention-conflict,demo,conflict,B,released,True,e5b890c8df4b4ffeba47b38f55b52ca274f080902eb7ad7eb0f30d0dcd582f6e,,True,
q-conflict,demo-retention-conflict,demo,conflict,C,abstained,False,ff10275ef792fbdf7bd59d2c97973b042590f62b4be938e169f42263bb4043d0,,True,
q-conflict,demo-retention-conflict,demo,conflict,D,released,True,9ccbdf4ff2b2ed615cb9e5976032f947d737a20442b1a19fb5e0214b57cbdb5d,,True,
q-empty,demo-orders,demo,missing_evidence,A,abstained,False,ff10275ef792fbdf7bd59d2c97973b042590f62b4be938e169f42263bb4043d0,,False,
q-empty,demo-orders,demo,missing_evidence,B,abstained,False,ff10275ef792fbdf7bd59d2c97973b042590f62b4be938e169f42263bb4043d0,,False,
q-empty,demo-orders,demo,missing_evidence,C,abstained,False,ff10275ef792fbdf7bd59d2c97973b042590f62b4be938e169f42263bb4043d0,,False,
q-empty,demo-orders,demo,missing_evidence,D,abstained,False,ff10275ef792fbdf7bd59d2c97973b042590f62b4be938e169f42263bb4043d0,,False,
